"id_nota","id_alumno","id_asignacion","id_competencia","bimestre","nota"
"1","80","21","45","1","B"
"2","80","21","46","1","B"
"3","80","21","47","1","A"
"4","81","21","45","1","B"
"5","81","21","46","1","B"
"6","81","21","47","1","B"
"7","82","21","45","1","B"
"8","82","21","46","1","B"
"9","82","21","47","1","C"
"10","83","21","45","1","A"
"11","83","21","46","1","A"
"12","83","21","47","1","A"
"13","84","21","45","1","A"
"14","84","21","46","1","B"
"15","84","21","47","1","B"
"16","85","21","45","1","A"
"17","85","21","46","1","B"
"18","85","21","47","1","B"
"19","86","21","45","1","A"
"20","86","21","46","1","A"
"21","86","21","47","1","A"
"22","87","21","45","1","B"
"23","87","21","46","1","B"
"24","87","21","47","1","B"
"25","88","21","45","1","B"
"26","88","21","46","1","B"
"27","88","21","47","1","B"
"28","89","21","45","1","A"
"29","89","21","46","1","A"
"30","89","21","47","1","B"
"31","90","21","45","1","A"
"32","90","21","46","1","A"
"33","90","21","47","1","B"
"34","91","21","45","1","B"
"35","91","21","46","1","B"
"36","91","21","47","1","B"
"37","92","21","45","1","B"
"38","92","21","46","1","B"
"39","92","21","47","1","B"
"40","93","21","45","1","A"
"41","93","21","46","1","B"
"42","93","21","47","1","B"
"43","94","21","45","1","A"
"44","94","21","46","1","A"
"45","94","21","47","1","A"
"46","95","21","45","1","B"
"47","95","21","46","1","B"
"48","95","21","47","1","B"
"49","11","22","45","1","B"
"50","11","22","46","1","B"
"51","11","22","47","1","B"
"52","13","22","45","1","A"
"53","13","22","46","1","A"
"54","13","22","47","1","A"
"55","14","22","45","1","B"
"56","14","22","46","1","B"
"57","14","22","47","1","B"
"58","96","22","45","1","A"
"59","96","22","46","1","A"
"60","96","22","47","1","B"
"61","97","22","45","1","A"
"62","97","22","46","1","A"
"63","97","22","47","1","B"
"64","15","22","45","1","B"
"65","15","22","46","1","B"
"66","15","22","47","1","B"
"67","16","22","45","1","B"
"68","16","22","46","1","A"
"69","16","22","47","1","A"
"70","17","22","45","1","B"
"71","17","22","46","1","C"
"72","17","22","47","1","C"
"73","18","22","45","1","B"
"74","18","22","46","1","B"
"75","18","22","47","1","B"
"76","19","22","45","1","B"
"77","19","22","46","1","B"
"78","19","22","47","1","A"
"79","20","22","45","1","B"
"80","20","22","46","1","A"
"81","20","22","47","1","B"
"82","21","22","45","1","B"
"83","21","22","46","1","A"
"84","21","22","47","1","A"
"85","23","22","45","1","A"
"86","23","22","46","1","A"
"87","23","22","47","1","A"
"88","24","22","45","1","B"
"89","24","22","46","1","B"
"90","24","22","47","1","B"
"91","98","22","45","1","B"
"92","98","22","46","1","B"
"93","98","22","47","1","A"
"94","25","22","45","1","B"
"95","25","22","46","1","B"
"96","25","22","47","1","B"
"97","99","22","45","1","B"
"98","99","22","46","1","B"
"99","99","22","47","1","B"
"100","26","22","45","1","B"
"101","26","22","46","1","C"
"102","26","22","47","1","C"
"103","27","23","45","1","B"
"104","27","23","46","1","A"
"105","27","23","47","1","A"
"106","29","23","45","1","B"
"107","29","23","46","1","B"
"108","29","23","47","1","B"
"109","30","23","45","1","B"
"110","30","23","46","1","B"
"111","30","23","47","1","B"
"112","31","23","45","1","B"
"113","31","23","46","1","B"
"114","31","23","47","1","C"
"115","32","23","45","1","B"
"116","32","23","46","1","B"
"117","32","23","47","1","A"
"118","33","23","45","1","A"
"119","33","23","46","1","A"
"120","33","23","47","1","A"
"121","100","23","45","1","B"
"122","100","23","46","1","B"
"123","100","23","47","1","B"
"124","34","23","45","1","B"
"125","34","23","46","1","B"
"126","34","23","47","1","B"
"127","35","23","45","1","B"
"128","35","23","46","1","B"
"129","35","23","47","1","A"
"130","36","23","45","1","A"
"131","36","23","46","1","B"
"132","36","23","47","1","B"
"133","37","23","45","1","B"
"134","37","23","46","1","B"
"135","37","23","47","1","C"
"136","38","23","45","1","A"
"137","38","23","46","1","A"
"138","38","23","47","1","A"
"139","40","24","45","1","B"
"140","40","24","46","1","B"
"142","41","24","45","1","B"
"143","41","24","46","1","B"
"144","41","24","47","1","C"
"145","42","24","45","1","A"
"146","42","24","46","1","A"
"147","42","24","47","1","A"
"148","44","24","45","1","B"
"149","44","24","46","1","B"
"150","44","24","47","1","B"
"151","45","24","45","1","A"
"152","45","24","46","1","A"
"153","45","24","47","1","B"
"154","101","24","45","1","B"
"155","101","24","46","1","B"
"156","101","24","47","1","B"
"157","47","24","45","1","A"
"158","47","24","46","1","A"
"159","47","24","47","1","A"
"160","48","24","45","1","B"
"161","48","24","46","1","B"
"162","48","24","47","1","B"
"163","77","25","45","1","B"
"164","77","25","46","1","C"
"165","77","25","47","1","C"
"166","49","25","45","1","A"
"167","49","25","46","1","B"
"168","49","25","47","1","B"
"169","50","25","45","1","A"
"170","50","25","46","1","A"
"171","50","25","47","1","B"
"172","51","25","45","1","B"
"173","51","25","46","1","B"
"174","51","25","47","1","B"
"175","52","25","45","1","B"
"176","52","25","46","1","B"
"177","52","25","47","1","C"
"178","53","25","45","1","A"
"179","53","25","46","1","A"
"180","53","25","47","1","B"
"181","54","25","45","1","B"
"182","54","25","46","1","B"
"183","54","25","47","1","B"
"184","55","25","45","1","A"
"185","55","25","46","1","A"
"186","55","25","47","1","A"
"187","56","25","45","1","B"
"188","56","25","46","1","B"
"189","56","25","47","1","C"
"190","57","25","45","1","B"
"191","57","25","46","1","B"
"192","57","25","47","1","B"
"193","58","25","45","1","B"
"194","58","25","46","1","B"
"195","58","25","47","1","C"
"196","59","25","45","1","A"
"197","59","25","46","1","B"
"198","59","25","47","1","B"
"199","60","25","45","1","B"
"200","60","25","46","1","B"
"201","60","25","47","1","C"
"202","80","6","67","1","C"
"203","80","6","68","1","B"
"204","80","6","69","1","B"
"205","81","6","67","1","B"
"206","81","6","68","1","B"
"207","81","6","69","1","B"
"208","82","6","67","1","C"
"209","82","6","68","1","B"
"210","82","6","69","1","B"
"211","83","6","67","1","B"
"212","83","6","68","1","B"
"213","83","6","69","1","B"
"214","84","6","67","1","B"
"215","84","6","68","1","B"
"216","84","6","69","1","A"
"217","85","6","67","1","B"
"218","85","6","68","1","B"
"219","85","6","69","1","A"
"220","86","6","67","1","B"
"221","86","6","68","1","A"
"222","86","6","69","1","A"
"223","87","6","67","1","B"
"224","87","6","68","1","B"
"225","87","6","69","1","B"
"226","88","6","67","1","B"
"227","88","6","68","1","B"
"228","88","6","69","1","B"
"229","89","6","67","1","B"
"230","89","6","68","1","B"
"231","89","6","69","1","A"
"232","90","6","67","1","B"
"233","90","6","68","1","B"
"234","90","6","69","1","A"
"235","91","6","67","1","B"
"236","91","6","68","1","B"
"237","91","6","69","1","B"
"238","92","6","67","1","B"
"239","92","6","68","1","B"
"240","92","6","69","1","A"
"241","93","6","67","1","C"
"242","93","6","68","1","B"
"243","93","6","69","1","B"
"244","94","6","67","1","A"
"245","94","6","68","1","A"
"246","94","6","69","1","A"
"247","95","6","67","1","B"
"248","95","6","68","1","B"
"249","95","6","69","1","B"
"250","11","7","67","1","B"
"251","11","7","68","1","B"
"252","11","7","69","1","B"
"253","13","7","67","1","A"
"254","13","7","68","1","A"
"255","13","7","69","1","A"
"256","14","7","67","1","B"
"257","14","7","68","1","B"
"258","14","7","69","1","B"
"259","96","7","67","1","B"
"260","96","7","68","1","B"
"261","96","7","69","1","A"
"262","97","7","67","1","B"
"263","97","7","68","1","B"
"264","97","7","69","1","B"
"265","15","7","67","1","B"
"266","15","7","68","1","B"
"267","15","7","69","1","B"
"268","16","7","67","1","B"
"269","16","7","68","1","B"
"270","16","7","69","1","A"
"271","17","7","67","1","C"
"272","17","7","68","1","B"
"273","17","7","69","1","B"
"274","18","7","67","1","B"
"275","18","7","68","1","B"
"276","18","7","69","1","A"
"277","19","7","67","1","B"
"278","19","7","68","1","B"
"279","19","7","69","1","B"
"280","20","7","67","1","B"
"281","20","7","68","1","B"
"282","20","7","69","1","B"
"283","21","7","67","1","B"
"284","21","7","68","1","B"
"285","21","7","69","1","B"
"286","23","7","67","1","A"
"287","23","7","68","1","A"
"288","23","7","69","1","A"
"289","24","7","67","1","B"
"290","24","7","68","1","B"
"291","24","7","69","1","B"
"292","98","7","67","1","C"
"293","98","7","68","1","B"
"294","98","7","69","1","B"
"295","25","7","67","1","B"
"296","25","7","68","1","B"
"297","25","7","69","1","B"
"298","26","7","67","1","C"
"299","26","7","68","1","C"
"300","26","7","69","1","B"
"301","27","8","67","1","B"
"302","27","8","68","1","A"
"303","27","8","69","1","A"
"304","29","8","67","1","B"
"305","29","8","68","1","B"
"306","29","8","69","1","B"
"307","30","8","67","1","B"
"308","30","8","68","1","B"
"309","30","8","69","1","B"
"310","31","8","67","1","C"
"311","31","8","68","1","B"
"312","31","8","69","1","B"
"313","32","8","67","1","C"
"314","32","8","68","1","B"
"315","32","8","69","1","B"
"316","33","8","67","1","B"
"317","33","8","68","1","B"
"318","33","8","69","1","A"
"319","100","8","67","1","C"
"320","100","8","68","1","B"
"321","100","8","69","1","B"
"322","34","8","67","1","B"
"323","34","8","68","1","B"
"324","34","8","69","1","B"
"325","35","8","67","1","B"
"326","35","8","68","1","B"
"327","35","8","69","1","A"
"328","36","8","67","1","B"
"329","36","8","68","1","B"
"330","36","8","69","1","B"
"331","37","8","67","1","B"
"332","37","8","68","1","B"
"333","37","8","69","1","B"
"334","38","8","67","1","B"
"335","38","8","68","1","B"
"336","38","8","69","1","B"
"337","40","9","67","1","C"
"338","40","9","68","1","C"
"339","40","9","69","1","B"
"340","41","9","67","1","B"
"341","41","9","68","1","B"
"342","41","9","69","1","B"
"343","42","9","67","1","B"
"344","42","9","68","1","A"
"345","42","9","69","1","A"
"346","44","9","67","1","B"
"347","44","9","68","1","B"
"348","44","9","69","1","B"
"349","45","9","67","1","B"
"350","45","9","68","1","B"
"351","45","9","69","1","B"
"352","101","9","67","1","C"
"353","101","9","68","1","C"
"354","101","9","69","1","B"
"355","47","9","67","1","A"
"356","47","9","68","1","A"
"357","47","9","69","1","A"
"358","48","9","67","1","B"
"359","48","9","68","1","B"
"360","48","9","69","1","B"
"361","77","10","67","1","C"
"362","77","10","68","1","C"
"363","77","10","69","1","B"
"364","49","10","67","1","C"
"365","49","10","68","1","B"
"366","49","10","69","1","B"
"367","50","10","67","1","A"
"368","50","10","68","1","A"
"369","50","10","69","1","A"
"370","51","10","67","1","B"
"371","51","10","68","1","B"
"372","51","10","69","1","B"
"373","52","10","67","1","B"
"374","52","10","68","1","B"
"375","52","10","69","1","B"
"376","53","10","67","1","B"
"377","53","10","68","1","B"
"378","53","10","69","1","A"
"379","54","10","67","1","B"
"380","54","10","68","1","B"
"381","54","10","69","1","B"
"382","55","10","67","1","A"
"383","55","10","68","1","A"
"384","55","10","69","1","A"
"385","56","10","67","1","C"
"386","56","10","68","1","B"
"387","56","10","69","1","B"
"388","57","10","67","1","B"
"389","57","10","68","1","B"
"390","57","10","69","1","B"
"391","58","10","67","1","C"
"392","58","10","68","1","B"
"393","58","10","69","1","B"
"394","59","10","67","1","B"
"395","59","10","68","1","B"
"396","59","10","69","1","B"
"397","60","10","67","1","C"
"398","60","10","68","1","B"
"399","60","10","69","1","B"
"400","80","1","38","1","C"
"401","80","1","39","1","C"
"402","80","1","40","1","B"
"403","80","1","41","1","B"
"404","81","1","38","1","C"
"405","81","1","39","1","B"
"406","81","1","40","1","B"
"407","81","1","41","1","B"
"408","82","1","38","1","C"
"409","82","1","39","1","C"
"410","82","1","40","1","B"
"411","82","1","41","1","B"
"412","83","1","38","1","B"
"413","83","1","39","1","A"
"414","83","1","40","1","A"
"415","83","1","41","1","A"
"416","84","1","38","1","B"
"417","84","1","39","1","B"
"418","84","1","40","1","B"
"419","84","1","41","1","A"
"420","85","1","38","1","B"
"421","85","1","39","1","B"
"422","85","1","40","1","A"
"423","85","1","41","1","A"
"424","86","1","38","1","B"
"425","86","1","39","1","A"
"426","86","1","40","1","A"
"427","86","1","41","1","A"
"428","87","1","38","1","C"
"429","87","1","39","1","C"
"430","87","1","40","1","B"
"431","87","1","41","1","B"
"432","88","1","38","1","C"
"433","88","1","39","1","B"
"434","88","1","40","1","B"
"435","88","1","41","1","B"
"436","89","1","38","1","B"
"437","89","1","39","1","A"
"438","89","1","40","1","A"
"439","89","1","41","1","A"
"440","90","1","38","1","B"
"441","90","1","39","1","B"
"442","90","1","40","1","B"
"443","90","1","41","1","A"
"444","91","1","38","1","C"
"445","91","1","39","1","C"
"446","91","1","40","1","B"
"447","91","1","41","1","B"
"448","92","1","38","1","B"
"449","92","1","39","1","B"
"450","92","1","40","1","A"
"451","92","1","41","1","A"
"452","93","1","38","1","C"
"453","93","1","39","1","C"
"454","93","1","40","1","B"
"455","93","1","41","1","B"
"456","94","1","38","1","A"
"457","94","1","39","1","A"
"458","94","1","40","1","A"
"459","94","1","41","1","A"
"460","95","1","38","1","C"
"461","95","1","39","1","C"
"462","95","1","40","1","B"
"463","95","1","41","1","B"
"464","11","2","38","1","B"
"465","11","2","39","1","A"
"466","11","2","40","1","A"
"467","11","2","41","1","A"
"468","13","2","38","1","A"
"469","13","2","39","1","A"
"470","13","2","40","1","A"
"471","13","2","41","1","A"
"472","14","2","38","1","C"
"473","14","2","39","1","B"
"474","14","2","40","1","B"
"475","14","2","41","1","B"
"476","96","2","38","1","B"
"477","96","2","39","1","B"
"478","96","2","40","1","A"
"479","96","2","41","1","A"
"480","97","2","38","1","B"
"481","97","2","39","1","A"
"482","97","2","40","1","A"
"483","97","2","41","1","A"
"484","15","2","38","1","C"
"485","15","2","39","1","B"
"486","15","2","40","1","B"
"487","15","2","41","1","B"
"488","16","2","38","1","B"
"489","16","2","39","1","B"
"490","16","2","40","1","B"
"491","16","2","41","1","A"
"492","17","2","38","1","C"
"493","17","2","39","1","C"
"494","17","2","40","1","B"
"495","17","2","41","1","B"
"496","18","2","38","1","B"
"497","18","2","39","1","B"
"498","18","2","40","1","A"
"499","18","2","41","1","A"
"500","19","2","38","1","C"
"501","19","2","39","1","B"
"502","19","2","40","1","B"
"503","19","2","41","1","B"
"504","20","2","38","1","C"
"505","20","2","39","1","B"
"506","20","2","40","1","B"
"507","20","2","41","1","B"
"508","21","2","38","1","B"
"509","21","2","39","1","B"
"510","21","2","40","1","B"
"511","21","2","41","1","A"
"512","23","2","38","1","B"
"513","23","2","39","1","B"
"514","23","2","40","1","A"
"515","23","2","41","1","A"
"516","24","2","38","1","C"
"517","24","2","39","1","C"
"518","24","2","40","1","B"
"519","24","2","41","1","B"
"520","98","2","38","1","C"
"521","98","2","39","1","C"
"522","98","2","40","1","B"
"523","98","2","41","1","B"
"524","25","2","38","1","B"
"525","25","2","39","1","B"
"526","25","2","40","1","A"
"527","25","2","41","1","A"
"528","99","2","38","1","C"
"529","99","2","39","1","C"
"530","99","2","40","1","C"
"531","99","2","41","1","B"
"532","26","2","38","1","C"
"533","26","2","39","1","C"
"534","26","2","40","1","B"
"535","26","2","41","1","B"
"536","27","3","38","1","A"
"537","27","3","39","1","A"
"538","27","3","40","1","A"
"539","27","3","41","1","A"
"540","29","3","38","1","B"
"541","29","3","39","1","B"
"542","29","3","40","1","B"
"543","29","3","41","1","A"
"544","30","3","38","1","B"
"545","30","3","39","1","B"
"546","30","3","40","1","B"
"547","30","3","41","1","A"
"548","31","3","38","1","C"
"549","31","3","39","1","C"
"550","31","3","40","1","C"
"551","31","3","41","1","B"
"552","32","3","38","1","C"
"553","32","3","39","1","B"
"554","32","3","40","1","B"
"555","32","3","41","1","B"
"556","33","3","38","1","A"
"557","33","3","39","1","A"
"558","33","3","40","1","A"
"559","33","3","41","1","A"
"560","100","3","38","1","C"
"561","100","3","39","1","C"
"562","100","3","40","1","B"
"563","100","3","41","1","B"
"564","34","3","38","1","B"
"565","34","3","39","1","B"
"566","34","3","40","1","B"
"567","34","3","41","1","A"
"568","35","3","38","1","B"
"569","35","3","39","1","A"
"570","35","3","40","1","A"
"571","35","3","41","1","A"
"572","36","3","38","1","B"
"573","36","3","39","1","B"
"574","36","3","40","1","B"
"575","36","3","41","1","A"
"576","37","3","38","1","B"
"577","37","3","39","1","B"
"578","37","3","40","1","A"
"579","37","3","41","1","A"
"580","38","3","38","1","B"
"581","38","3","39","1","A"
"582","38","3","40","1","A"
"583","38","3","41","1","A"
"584","40","4","38","1","C"
"585","40","4","39","1","B"
"586","40","4","40","1","B"
"587","40","4","41","1","B"
"588","41","4","38","1","C"
"589","41","4","39","1","C"
"590","41","4","40","1","B"
"591","41","4","41","1","B"
"592","42","4","38","1","A"
"593","42","4","39","1","A"
"594","42","4","40","1","A"
"595","42","4","41","1","A"
"596","44","4","38","1","B"
"597","44","4","39","1","B"
"598","44","4","40","1","A"
"599","44","4","41","1","A"
"600","45","4","38","1","B"
"601","45","4","39","1","A"
"602","45","4","40","1","A"
"603","45","4","41","1","A"
"604","101","4","38","1","B"
"605","101","4","39","1","B"
"606","101","4","40","1","A"
"607","101","4","41","1","A"
"608","47","4","38","1","A"
"609","47","4","39","1","A"
"610","47","4","40","1","A"
"611","47","4","41","1","A"
"612","48","4","38","1","C"
"613","48","4","39","1","B"
"614","48","4","40","1","B"
"615","48","4","41","1","B"
"616","77","5","38","1","C"
"617","77","5","39","1","B"
"618","77","5","40","1","B"
"619","77","5","41","1","B"
"620","49","5","38","1","B"
"621","49","5","39","1","B"
"622","49","5","40","1","B"
"623","49","5","41","1","B"
"624","50","5","38","1","A"
"625","50","5","39","1","A"
"626","50","5","40","1","A"
"627","50","5","41","1","A"
"628","51","5","38","1","B"
"629","51","5","39","1","B"
"630","51","5","40","1","A"
"631","51","5","41","1","A"
"632","52","5","38","1","C"
"633","52","5","39","1","B"
"634","52","5","40","1","B"
"635","52","5","41","1","B"
"636","53","5","38","1","B"
"637","53","5","39","1","A"
"638","53","5","40","1","A"
"639","53","5","41","1","A"
"640","54","5","38","1","B"
"641","54","5","39","1","B"
"642","54","5","40","1","A"
"643","54","5","41","1","A"
"644","55","5","38","1","A"
"645","55","5","39","1","A"
"646","55","5","40","1","A"
"647","55","5","41","1","A"
"648","56","5","38","1","C"
"649","56","5","39","1","C"
"650","56","5","40","1","B"
"651","56","5","41","1","B"
"652","57","5","38","1","C"
"653","57","5","39","1","C"
"654","57","5","40","1","B"
"655","57","5","41","1","B"
"656","58","5","38","1","B"
"657","58","5","39","1","B"
"658","58","5","40","1","B"
"659","58","5","41","1","A"
"660","59","5","38","1","B"
"661","59","5","39","1","B"
"662","59","5","40","1","A"
"663","59","5","41","1","A"
"664","60","5","38","1","C"
"665","60","5","39","1","C"
"666","60","5","40","1","B"
"667","60","5","41","1","B"
"668","43","9","67","1","B"
"669","43","9","68","1","B"
"670","43","9","69","1","B"
"671","80","51","54","1","A"
"672","80","51","55","1","B"
"673","81","51","54","1","B"
"674","81","51","55","1","A"
"675","82","51","54","1","A"
"676","82","51","55","1","A"
"677","83","51","54","1","A"
"678","83","51","55","1","A"
"679","84","51","54","1","A"
"680","84","51","55","1","A"
"681","85","51","54","1","A"
"682","85","51","55","1","A"
"683","86","51","54","1","A"
"684","86","51","55","1","A"
"685","87","51","54","1","A"
"686","87","51","55","1","A"
"687","88","51","54","1","A"
"688","88","51","55","1","A"
"689","89","51","54","1","A"
"690","89","51","55","1","A"
"691","90","51","54","1","A"
"692","90","51","55","1","A"
"693","91","51","54","1","A"
"694","91","51","55","1","A"
"695","92","51","54","1","A"
"696","92","51","55","1","A"
"697","93","51","54","1","A"
"698","93","51","55","1","A"
"699","94","51","54","1","A"
"700","94","51","55","1","A"
"701","95","51","54","1","A"
"702","95","51","55","1","A"
"703","11","52","54","1","A"
"704","11","52","55","1","B"
"705","13","52","54","1","A"
"706","13","52","55","1","A"
"707","14","52","54","1","A"
"708","14","52","55","1","B"
"709","96","52","54","1","A"
"710","96","52","55","1","A"
"711","97","52","54","1","A"
"712","97","52","55","1","A"
"713","15","52","54","1","A"
"714","15","52","55","1","A"
"715","16","52","54","1","A"
"716","16","52","55","1","A"
"717","17","52","54","1","A"
"718","17","52","55","1","B"
"719","18","52","54","1","A"
"720","18","52","55","1","A"
"721","19","52","54","1","A"
"722","19","52","55","1","A"
"723","20","52","54","1","A"
"724","20","52","55","1","A"
"725","21","52","54","1","B"
"726","21","52","55","1","A"
"727","23","52","54","1","A"
"728","23","52","55","1","A"
"729","24","52","54","1","A"
"730","24","52","55","1","A"
"731","98","52","54","1","B"
"732","98","52","55","1","A"
"733","25","52","54","1","B"
"734","25","52","55","1","A"
"735","99","52","54","1","B"
"736","99","52","55","1","A"
"737","26","52","54","1","B"
"738","26","52","55","1","A"
"739","27","53","54","1","A"
"740","27","53","55","1","A"
"741","29","53","54","1","A"
"742","29","53","55","1","A"
"743","30","53","54","1","A"
"744","30","53","55","1","A"
"745","31","53","54","1","A"
"746","31","53","55","1","A"
"747","32","53","54","1","A"
"748","32","53","55","1","A"
"749","33","53","54","1","A"
"750","33","53","55","1","B"
"751","100","53","54","1","A"
"752","100","53","55","1","A"
"753","34","53","54","1","A"
"754","34","53","55","1","A"
"755","35","53","54","1","A"
"756","35","53","55","1","A"
"757","36","53","54","1","A"
"758","36","53","55","1","A"
"759","37","53","54","1","A"
"760","37","53","55","1","B"
"761","38","53","54","1","A"
"762","38","53","55","1","A"
"763","40","54","54","1","A"
"764","40","54","55","1","A"
"765","41","54","54","1","A"
"766","41","54","55","1","A"
"767","42","54","54","1","A"
"768","42","54","55","1","A"
"769","43","54","54","1","A"
"770","43","54","55","1","A"
"771","44","54","54","1","A"
"772","44","54","55","1","A"
"773","45","54","54","1","A"
"774","45","54","55","1","A"
"775","101","54","54","1","A"
"776","101","54","55","1","A"
"777","47","54","54","1","A"
"778","47","54","55","1","A"
"779","48","54","54","1","A"
"780","48","54","55","1","A"
"781","77","55","54","1","B"
"782","77","55","55","1","B"
"783","49","55","54","1","A"
"784","49","55","55","1","A"
"785","50","55","54","1","A"
"786","50","55","55","1","A"
"787","51","55","54","1","A"
"788","51","55","55","1","A"
"789","52","55","54","1","A"
"790","52","55","55","1","A"
"791","53","55","54","1","A"
"792","53","55","55","1","A"
"793","54","55","54","1","A"
"794","54","55","55","1","B"
"795","55","55","54","1","A"
"796","55","55","55","1","A"
"797","56","55","54","1","A"
"798","56","55","55","1","B"
"799","57","55","54","1","A"
"800","57","55","55","1","A"
"801","58","55","54","1","A"
"802","58","55","55","1","B"
"803","59","55","54","1","A"
"804","59","55","55","1","B"
"805","60","55","54","1","A"
"806","60","55","55","1","B"
"807","80","26","62","1","B"
"808","80","26","63","1","B"
"809","81","26","62","1","B"
"810","81","26","63","1","B"
"811","82","26","62","1","B"
"812","82","26","63","1","B"
"813","83","26","62","1","A"
"814","83","26","63","1","A"
"815","84","26","62","1","A"
"816","84","26","63","1","A"
"817","85","26","62","1","A"
"818","85","26","63","1","A"
"819","86","26","62","1","A"
"820","86","26","63","1","A"
"821","87","26","62","1","B"
"822","87","26","63","1","B"
"823","88","26","62","1","A"
"824","88","26","63","1","A"
"825","89","26","62","1","A"
"826","89","26","63","1","A"
"827","90","26","62","1","B"
"828","90","26","63","1","A"
"829","91","26","62","1","B"
"830","91","26","63","1","B"
"831","92","26","62","1","A"
"832","92","26","63","1","A"
"833","93","26","62","1","B"
"834","93","26","63","1","B"
"835","94","26","62","1","A"
"836","94","26","63","1","A"
"837","95","26","62","1","B"
"838","95","26","63","1","B"
"839","11","27","62","1","B"
"840","11","27","63","1","B"
"841","13","27","62","1","A"
"842","13","27","63","1","A"
"843","14","27","62","1","B"
"844","14","27","63","1","B"
"845","96","27","62","1","A"
"846","96","27","63","1","A"
"847","97","27","62","1","A"
"848","97","27","63","1","A"
"849","15","27","62","1","A"
"850","15","27","63","1","A"
"851","16","27","62","1","A"
"852","16","27","63","1","A"
"853","17","27","62","1","B"
"854","17","27","63","1","B"
"855","18","27","62","1","A"
"856","18","27","63","1","A"
"857","19","27","62","1","A"
"858","19","27","63","1","A"
"859","20","27","62","1","A"
"860","20","27","63","1","A"
"861","21","27","62","1","A"
"862","21","27","63","1","A"
"863","23","27","62","1","A"
"864","23","27","63","1","A"
"865","24","27","62","1","B"
"866","24","27","63","1","B"
"867","98","27","62","1","A"
"868","98","27","63","1","A"
"869","25","27","62","1","A"
"870","25","27","63","1","A"
"871","99","27","62","1","C"
"872","99","27","63","1","C"
"873","26","27","62","1","B"
"874","26","27","63","1","B"
"875","27","28","62","1","A"
"876","27","28","63","1","A"
"877","29","28","62","1","A"
"878","29","28","63","1","A"
"879","30","28","62","1","A"
"880","30","28","63","1","A"
"881","31","28","62","1","B"
"882","31","28","63","1","B"
"883","32","28","62","1","B"
"884","32","28","63","1","B"
"885","33","28","62","1","A"
"886","33","28","63","1","A"
"887","100","28","62","1","A"
"888","100","28","63","1","A"
"889","34","28","62","1","B"
"890","34","28","63","1","B"
"891","35","28","62","1","A"
"892","35","28","63","1","A"
"893","36","28","62","1","B"
"894","36","28","63","1","B"
"895","37","28","62","1","B"
"896","37","28","63","1","B"
"897","38","28","62","1","B"
"898","38","28","63","1","B"
"899","40","29","62","1","B"
"900","40","29","63","1","B"
"901","41","29","62","1","B"
"902","41","29","63","1","B"
"903","42","29","62","1","A"
"904","42","29","63","1","A"
"905","44","29","62","1","A"
"906","44","29","63","1","A"
"907","45","29","62","1","A"
"908","45","29","63","1","A"
"909","101","29","62","1","B"
"910","101","29","63","1","B"
"911","47","29","62","1","A"
"912","47","29","63","1","A"
"913","48","29","62","1","B"
"914","48","29","63","1","B"
"915","77","30","62","1","C"
"916","77","30","63","1","C"
"917","49","30","62","1","B"
"918","49","30","63","1","B"
"919","50","30","62","1","A"
"920","50","30","63","1","A"
"921","51","30","62","1","B"
"922","51","30","63","1","B"
"923","52","30","62","1","A"
"924","52","30","63","1","A"
"925","53","30","62","1","A"
"926","53","30","63","1","A"
"927","54","30","62","1","B"
"928","54","30","63","1","B"
"929","55","30","62","1","A"
"930","55","30","63","1","A"
"931","56","30","62","1","B"
"932","56","30","63","1","B"
"933","57","30","62","1","B"
"934","57","30","63","1","B"
"935","59","30","62","1","B"
"936","59","30","63","1","B"
"937","60","30","62","1","A"
"938","60","30","63","1","A"
"939","80","61","65","1","B"
"940","80","61","66","1","B"
"941","81","61","65","1","B"
"942","81","61","66","1","B"
"943","82","61","65","1","B"
"944","82","61","66","1","B"
"945","83","61","65","1","A"
"946","83","61","66","1","A"
"947","84","61","65","1","A"
"948","84","61","66","1","A"
"949","85","61","65","1","A"
"950","85","61","66","1","A"
"951","86","61","65","1","A"
"952","86","61","66","1","A"
"953","87","61","65","1","B"
"954","87","61","66","1","B"
"955","88","61","65","1","A"
"956","88","61","66","1","A"
"957","89","61","65","1","A"
"958","89","61","66","1","A"
"959","90","61","65","1","A"
"960","90","61","66","1","A"
"961","91","61","65","1","B"
"962","91","61","66","1","B"
"963","92","61","65","1","A"
"964","92","61","66","1","A"
"965","93","61","65","1","A"
"966","93","61","66","1","A"
"967","94","61","65","1","A"
"968","94","61","66","1","A"
"969","95","61","65","1","B"
"970","95","61","66","1","B"
"971","80","56","51","1","B"
"972","80","56","52","1","B"
"973","80","56","53","1","B"
"974","81","56","51","1","B"
"975","81","56","52","1","B"
"976","81","56","53","1","B"
"977","82","56","51","1","B"
"978","82","56","52","1","B"
"979","82","56","53","1","A"
"980","83","56","51","1","B"
"981","83","56","52","1","B"
"982","83","56","53","1","A"
"983","84","56","51","1","B"
"984","84","56","52","1","B"
"985","84","56","53","1","B"
"986","85","56","51","1","B"
"987","85","56","52","1","B"
"988","85","56","53","1","B"
"989","86","56","51","1","B"
"990","86","56","52","1","B"
"991","86","56","53","1","A"
"992","87","56","51","1","B"
"993","87","56","52","1","B"
"994","87","56","53","1","B"
"995","88","56","51","1","B"
"996","88","56","52","1","B"
"997","88","56","53","1","B"
"998","89","56","51","1","B"
"999","89","56","52","1","B"
"1000","89","56","53","1","A"
"1001","90","56","51","1","B"
"1002","90","56","52","1","B"
"1003","90","56","53","1","A"
"1004","91","56","51","1","B"
"1005","91","56","52","1","B"
"1006","91","56","53","1","B"
"1007","92","56","51","1","B"
"1008","92","56","52","1","B"
"1009","92","56","53","1","A"
"1010","93","56","51","1","B"
"1011","93","56","52","1","B"
"1012","93","56","53","1","B"
"1013","94","56","51","1","B"
"1014","94","56","52","1","B"
"1015","94","56","53","1","B"
"1016","95","56","51","1","B"
"1017","95","56","52","1","B"
"1018","95","56","53","1","B"
"1019","11","57","51","1","B"
"1020","11","57","52","1","B"
"1021","11","57","53","1","B"
"1022","13","57","51","1","B"
"1023","13","57","52","1","B"
"1024","13","57","53","1","A"
"1025","14","57","51","1","B"
"1026","14","57","52","1","B"
"1027","14","57","53","1","B"
"1028","96","57","51","1","B"
"1029","96","57","52","1","B"
"1030","96","57","53","1","B"
"1031","97","57","51","1","B"
"1032","97","57","52","1","B"
"1033","97","57","53","1","B"
"1034","15","57","51","1","B"
"1035","15","57","52","1","B"
"1036","15","57","53","1","B"
"1037","16","57","51","1","B"
"1038","16","57","52","1","B"
"1039","16","57","53","1","A"
"1040","17","57","51","1","B"
"1041","17","57","52","1","B"
"1042","17","57","53","1","B"
"1043","18","57","51","1","B"
"1044","18","57","52","1","B"
"1045","18","57","53","1","B"
"1046","19","57","51","1","B"
"1047","19","57","52","1","B"
"1048","19","57","53","1","A"
"1049","20","57","51","1","B"
"1050","20","57","52","1","B"
"1051","20","57","53","1","B"
"1052","21","57","51","1","B"
"1053","21","57","52","1","B"
"1054","21","57","53","1","B"
"1055","23","57","51","1","B"
"1056","23","57","52","1","B"
"1057","23","57","53","1","A"
"1058","24","57","51","1","B"
"1059","24","57","52","1","B"
"1060","24","57","53","1","B"
"1061","98","57","51","1","B"
"1062","98","57","52","1","B"
"1063","98","57","53","1","B"
"1064","25","57","51","1","B"
"1065","25","57","52","1","B"
"1066","25","57","53","1","B"
"1067","99","57","51","1","B"
"1068","99","57","52","1","B"
"1069","99","57","53","1","B"
"1070","26","57","51","1","B"
"1071","26","57","52","1","B"
"1072","26","57","53","1","B"
"1073","27","58","51","1","B"
"1074","27","58","52","1","B"
"1075","27","58","53","1","B"
"1076","28","58","51","1","B"
"1077","28","58","52","1","B"
"1078","28","58","53","1","B"
"1079","29","58","51","1","B"
"1080","29","58","52","1","B"
"1081","29","58","53","1","A"
"1082","30","58","51","1","B"
"1083","30","58","52","1","B"
"1084","30","58","53","1","B"
"1085","31","58","51","1","B"
"1086","31","58","52","1","B"
"1087","31","58","53","1","B"
"1088","32","58","51","1","B"
"1089","32","58","52","1","B"
"1090","32","58","53","1","B"
"1091","33","58","51","1","B"
"1092","33","58","52","1","B"
"1093","33","58","53","1","A"
"1094","100","58","51","1","B"
"1095","100","58","52","1","B"
"1096","100","58","53","1","A"
"1097","34","58","51","1","B"
"1098","34","58","52","1","B"
"1099","34","58","53","1","A"
"1100","35","58","51","1","B"
"1101","35","58","52","1","B"
"1102","35","58","53","1","B"
"1103","36","58","51","1","B"
"1104","36","58","52","1","B"
"1105","36","58","53","1","B"
"1106","37","58","51","1","B"
"1107","37","58","52","1","B"
"1108","37","58","53","1","B"
"1109","38","58","51","1","B"
"1110","38","58","52","1","B"
"1111","38","58","53","1","A"
"1112","40","59","51","1","B"
"1113","40","59","52","1","B"
"1114","40","59","53","1","B"
"1115","41","59","51","1","B"
"1116","41","59","52","1","B"
"1117","41","59","53","1","B"
"1118","42","59","51","1","B"
"1119","42","59","52","1","B"
"1120","42","59","53","1","A"
"1121","43","59","51","1","B"
"1122","43","59","52","1","B"
"1123","43","59","53","1","A"
"1124","44","59","51","1","B"
"1125","44","59","52","1","B"
"1126","44","59","53","1","A"
"1127","45","59","51","1","B"
"1128","45","59","52","1","B"
"1129","45","59","53","1","B"
"1130","101","59","51","1","B"
"1131","101","59","52","1","B"
"1132","101","59","53","1","B"
"1133","47","59","51","1","B"
"1134","47","59","52","1","B"
"1135","47","59","53","1","B"
"1136","48","59","51","1","B"
"1137","48","59","52","1","B"
"1138","48","59","53","1","B"
"1139","77","60","51","1","B"
"1140","77","60","52","1","B"
"1141","77","60","53","1","B"
"1142","49","60","51","1","B"
"1143","49","60","52","1","B"
"1144","49","60","53","1","A"
"1145","50","60","51","1","B"
"1146","50","60","52","1","B"
"1147","50","60","53","1","B"
"1148","51","60","51","1","B"
"1149","51","60","52","1","B"
"1150","51","60","53","1","B"
"1151","52","60","51","1","B"
"1152","52","60","52","1","B"
"1153","52","60","53","1","B"
"1154","53","60","51","1","B"
"1155","53","60","52","1","B"
"1156","53","60","53","1","A"
"1157","54","60","51","1","B"
"1158","54","60","52","1","B"
"1159","54","60","53","1","A"
"1160","55","60","51","1","B"
"1161","55","60","52","1","B"
"1162","55","60","53","1","A"
"1163","56","60","51","1","B"
"1164","56","60","52","1","B"
"1165","56","60","53","1","B"
"1166","57","60","51","1","B"
"1167","57","60","52","1","B"
"1168","57","60","53","1","B"
"1169","58","60","51","1","B"
"1170","58","60","52","1","B"
"1171","58","60","53","1","B"
"1172","59","60","51","1","B"
"1173","59","60","52","1","B"
"1174","59","60","53","1","A"
"1175","60","60","51","1","B"
"1176","60","60","52","1","B"
"1177","60","60","53","1","B"
"1178","80","31","48","1","B"
"1179","80","31","49","1","C"
"1180","81","31","48","1","B"
"1181","81","31","49","1","B"
"1182","82","31","48","1","B"
"1183","82","31","49","1","C"
"1184","83","31","48","1","A"
"1185","83","31","49","1","B"
"1186","84","31","48","1","B"
"1187","84","31","49","1","C"
"1188","85","31","48","1","B"
"1189","85","31","49","1","C"
"1190","86","31","48","1","B"
"1191","86","31","49","1","B"
"1192","87","31","48","1","C"
"1193","87","31","49","1","C"
"1194","88","31","48","1","B"
"1195","88","31","49","1","B"
"1196","89","31","48","1","A"
"1197","89","31","49","1","B"
"1198","90","31","48","1","A"
"1199","90","31","49","1","B"
"1200","91","31","48","1","B"
"1201","91","31","49","1","B"
"1202","92","31","48","1","A"
"1203","92","31","49","1","B"
"1204","93","31","48","1","B"
"1205","93","31","49","1","C"
"1206","94","31","48","1","A"
"1207","94","31","49","1","B"
"1208","95","31","48","1","B"
"1209","95","31","49","1","C"
"1210","13","32","48","1","A"
"1211","13","32","49","1","A"
"1212","14","32","48","1","B"
"1213","14","32","49","1","B"
"1214","96","32","48","1","A"
"1215","96","32","49","1","B"
"1216","97","32","48","1","B"
"1217","97","32","49","1","B"
"1218","15","32","48","1","B"
"1219","15","32","49","1","B"
"1220","16","32","48","1","A"
"1221","16","32","49","1","B"
"1222","17","32","48","1","B"
"1223","17","32","49","1","C"
"1224","18","32","48","1","A"
"1225","18","32","49","1","B"
"1226","19","32","48","1","A"
"1227","19","32","49","1","B"
"1228","20","32","48","1","A"
"1229","20","32","49","1","B"
"1230","21","32","48","1","A"
"1231","21","32","49","1","B"
"1232","23","32","48","1","A"
"1233","23","32","49","1","B"
"1234","24","32","48","1","B"
"1235","24","32","49","1","B"
"1236","98","32","48","1","A"
"1237","98","32","49","1","B"
"1238","25","32","48","1","A"
"1239","25","32","49","1","B"
"1240","99","32","48","1","B"
"1241","99","32","49","1","C"
"1242","26","32","48","1","C"
"1243","26","32","49","1","C"
"1244","43","29","62","1","A"
"1245","43","29","63","1","A"
"1246","27","33","48","1","A"
"1247","27","33","49","1","B"
"1248","29","33","48","1","A"
"1249","29","33","49","1","B"
"1250","30","33","48","1","B"
"1251","30","33","49","1","B"
"1252","31","33","48","1","A"
"1253","31","33","49","1","B"
"1254","32","33","48","1","A"
"1255","32","33","49","1","B"
"1256","33","33","48","1","B"
"1257","33","33","49","1","B"
"1258","100","33","48","1","B"
"1259","100","33","49","1","C"
"1260","34","33","48","1","A"
"1261","34","33","49","1","B"
"1262","35","33","48","1","A"
"1263","35","33","49","1","A"
"1264","36","33","48","1","A"
"1265","36","33","49","1","A"
"1266","37","33","48","1","B"
"1267","37","33","49","1","C"
"1268","38","33","48","1","A"
"1269","38","33","49","1","B"
"1270","80","11","35","1","B"
"1271","80","11","36","1","B"
"1272","80","11","37","1","B"
"1273","81","11","35","1","B"
"1274","81","11","36","1","B"
"1275","81","11","37","1","B"
"1276","82","11","35","1","B"
"1277","82","11","36","1","C"
"1278","82","11","37","1","C"
"1279","83","11","35","1","B"
"1280","83","11","36","1","A"
"1281","83","11","37","1","B"
"1282","84","11","35","1","B"
"1283","84","11","36","1","B"
"1284","84","11","37","1","B"
"1285","85","11","35","1","B"
"1286","85","11","36","1","A"
"1287","85","11","37","1","B"
"1288","86","11","35","1","B"
"1289","86","11","36","1","B"
"1290","86","11","37","1","B"
"1291","87","11","35","1","B"
"1292","87","11","36","1","C"
"1293","87","11","37","1","B"
"1294","88","11","35","1","B"
"1295","88","11","36","1","B"
"1296","88","11","37","1","B"
"1297","89","11","35","1","B"
"1298","89","11","36","1","B"
"1299","89","11","37","1","A"
"1300","90","11","35","1","B"
"1301","90","11","36","1","B"
"1302","90","11","37","1","A"
"1303","91","11","35","1","B"
"1304","91","11","36","1","C"
"1305","91","11","37","1","C"
"1306","92","11","35","1","B"
"1307","92","11","36","1","B"
"1308","92","11","37","1","B"
"1309","93","11","35","1","B"
"1310","93","11","36","1","B"
"1311","93","11","37","1","B"
"1312","94","11","35","1","A"
"1313","94","11","36","1","A"
"1314","94","11","37","1","A"
"1315","95","11","35","1","B"
"1316","95","11","36","1","B"
"1317","95","11","37","1","C"
"1318","11","12","35","1","B"
"1319","11","12","36","1","B"
"1320","11","12","37","1","B"
"1321","13","12","35","1","A"
"1322","13","12","36","1","A"
"1323","13","12","37","1","A"
"1324","14","12","35","1","B"
"1325","14","12","36","1","C"
"1326","14","12","37","1","B"
"1327","96","12","35","1","A"
"1328","96","12","36","1","B"
"1329","96","12","37","1","B"
"1330","97","12","35","1","B"
"1331","97","12","36","1","A"
"1332","97","12","37","1","B"
"1333","15","12","35","1","B"
"1334","15","12","36","1","B"
"1335","15","12","37","1","B"
"1336","16","12","35","1","B"
"1337","16","12","36","1","A"
"1338","16","12","37","1","A"
"1339","17","12","35","1","B"
"1340","17","12","36","1","C"
"1341","17","12","37","1","C"
"1342","18","12","35","1","B"
"1343","18","12","36","1","B"
"1344","18","12","37","1","B"
"1345","19","12","35","1","B"
"1346","19","12","36","1","B"
"1347","19","12","37","1","A"
"1348","20","12","35","1","B"
"1349","20","12","36","1","B"
"1350","20","12","37","1","A"
"1351","21","12","35","1","B"
"1352","21","12","36","1","B"
"1353","21","12","37","1","B"
"1354","23","12","35","1","B"
"1355","23","12","36","1","A"
"1356","23","12","37","1","A"
"1357","24","12","35","1","B"
"1358","24","12","36","1","B"
"1359","24","12","37","1","C"
"1360","98","12","35","1","B"
"1361","98","12","36","1","B"
"1362","98","12","37","1","B"
"1363","25","12","35","1","B"
"1364","25","12","36","1","B"
"1365","25","12","37","1","B"
"1366","99","12","35","1","B"
"1367","99","12","36","1","C"
"1368","99","12","37","1","C"
"1369","26","12","35","1","B"
"1370","26","12","36","1","B"
"1371","26","12","37","1","C"
"1372","27","13","35","1","A"
"1373","27","13","36","1","A"
"1374","27","13","37","1","B"
"1375","29","13","35","1","A"
"1376","29","13","36","1","A"
"1377","29","13","37","1","B"
"1378","30","13","35","1","B"
"1379","30","13","36","1","C"
"1380","30","13","37","1","B"
"1381","31","13","35","1","B"
"1382","31","13","36","1","A"
"1383","31","13","37","1","A"
"1384","32","13","35","1","B"
"1385","32","13","36","1","A"
"1386","32","13","37","1","B"
"1387","33","13","35","1","B"
"1388","33","13","36","1","B"
"1389","33","13","37","1","B"
"1390","100","13","35","1","B"
"1391","100","13","36","1","B"
"1392","100","13","37","1","B"
"1393","34","13","35","1","B"
"1394","34","13","36","1","A"
"1395","34","13","37","1","A"
"1396","35","13","35","1","B"
"1397","35","13","36","1","A"
"1398","35","13","37","1","A"
"1399","36","13","35","1","B"
"1400","36","13","36","1","A"
"1401","36","13","37","1","A"
"1402","37","13","35","1","B"
"1403","37","13","36","1","B"
"1404","37","13","37","1","B"
"1405","38","13","35","1","B"
"1406","38","13","36","1","A"
"1407","38","13","37","1","A"
"1408","40","14","35","1","B"
"1409","40","14","36","1","C"
"1410","40","14","37","1","C"
"1411","41","14","35","1","B"
"1412","41","14","36","1","B"
"1413","41","14","37","1","C"
"1414","42","14","35","1","B"
"1415","42","14","36","1","B"
"1416","42","14","37","1","B"
"1417","43","14","35","1","A"
"1418","43","14","36","1","B"
"1419","43","14","37","1","A"
"1420","44","14","35","1","B"
"1421","44","14","36","1","B"
"1422","44","14","37","1","A"
"1423","45","14","35","1","B"
"1424","45","14","36","1","B"
"1425","45","14","37","1","C"
"1426","101","14","35","1","B"
"1427","101","14","36","1","B"
"1428","101","14","37","1","C"
"1429","47","14","35","1","A"
"1430","47","14","36","1","A"
"1431","47","14","37","1","A"
"1432","48","14","35","1","B"
"1433","48","14","36","1","B"
"1434","48","14","37","1","B"
"1435","77","15","35","1","B"
"1436","77","15","36","1","C"
"1437","77","15","37","1","C"
"1438","49","15","35","1","B"
"1439","49","15","36","1","B"
"1440","49","15","37","1","A"
"1441","50","15","35","1","B"
"1442","50","15","36","1","A"
"1443","50","15","37","1","A"
"1444","51","15","35","1","B"
"1445","51","15","36","1","B"
"1446","51","15","37","1","B"
"1447","52","15","35","1","B"
"1448","52","15","36","1","C"
"1449","52","15","37","1","C"
"1450","53","15","35","1","A"
"1451","53","15","36","1","A"
"1452","53","15","37","1","A"
"1453","54","15","35","1","B"
"1454","54","15","36","1","B"
"1455","54","15","37","1","C"
"1456","55","15","35","1","A"
"1457","55","15","36","1","A"
"1458","55","15","37","1","A"
"1459","56","15","35","1","C"
"1460","56","15","36","1","B"
"1461","56","15","37","1","C"
"1462","57","15","35","1","B"
"1463","57","15","36","1","B"
"1464","57","15","37","1","B"
"1465","58","15","35","1","C"
"1466","58","15","36","1","B"
"1467","58","15","37","1","C"
"1468","59","15","35","1","B"
"1469","59","15","36","1","A"
"1470","59","15","37","1","A"
"1471","60","15","35","1","B"
"1472","60","15","36","1","C"
"1473","60","15","37","1","C"
"1474","80","16","56","1","B"
"1475","80","16","57","1","C"
"1476","80","16","58","1","B"
"1477","81","16","56","1","A"
"1478","81","16","57","1","A"
"1479","81","16","58","1","A"
"1480","82","16","56","1","C"
"1481","82","16","57","1","C"
"1482","82","16","58","1","B"
"1483","83","16","56","1","A"
"1484","83","16","57","1","A"
"1485","83","16","58","1","A"
"1486","84","16","56","1","A"
"1487","84","16","57","1","A"
"1488","84","16","58","1","A"
"1489","85","16","56","1","A"
"1490","85","16","57","1","B"
"1491","85","16","58","1","B"
"1492","86","16","56","1","A"
"1493","86","16","57","1","A"
"1494","86","16","58","1","B"
"1495","87","16","56","1","C"
"1496","87","16","57","1","B"
"1497","87","16","58","1","B"
"1498","88","16","56","1","B"
"1499","88","16","57","1","B"
"1500","88","16","58","1","B"
"1501","89","16","56","1","B"
"1502","89","16","57","1","A"
"1503","89","16","58","1","A"
"1504","90","16","56","1","A"
"1505","90","16","57","1","A"
"1506","90","16","58","1","B"
"1507","91","16","56","1","B"
"1508","91","16","57","1","B"
"1509","91","16","58","1","B"
"1510","92","16","56","1","B"
"1511","92","16","57","1","A"
"1512","92","16","58","1","B"
"1513","93","16","56","1","B"
"1514","93","16","57","1","C"
"1515","93","16","58","1","B"
"1516","94","16","56","1","A"
"1517","94","16","57","1","A"
"1518","94","16","58","1","A"
"1519","95","16","56","1","C"
"1520","95","16","57","1","C"
"1521","95","16","58","1","B"
"1522","11","17","56","1","A"
"1523","11","17","57","1","B"
"1524","11","17","58","1","B"
"1525","13","17","56","1","A"
"1526","13","17","57","1","A"
"1527","13","17","58","1","A"
"1528","14","17","56","1","B"
"1529","14","17","57","1","C"
"1530","14","17","58","1","B"
"1531","96","17","56","1","C"
"1532","96","17","57","1","B"
"1533","96","17","58","1","B"
"1534","97","17","56","1","B"
"1535","97","17","57","1","B"
"1536","97","17","58","1","B"
"1537","15","17","56","1","B"
"1538","15","17","57","1","C"
"1539","15","17","58","1","B"
"1540","16","17","56","1","B"
"1541","16","17","57","1","A"
"1542","16","17","58","1","B"
"1543","17","17","56","1","B"
"1544","17","17","57","1","B"
"1545","17","17","58","1","B"
"1546","18","17","56","1","B"
"1547","18","17","57","1","B"
"1548","18","17","58","1","B"
"1549","19","17","56","1","B"
"1550","19","17","57","1","B"
"1551","19","17","58","1","B"
"1552","20","17","56","1","B"
"1553","20","17","57","1","B"
"1554","20","17","58","1","B"
"1555","21","17","56","1","B"
"1556","21","17","57","1","B"
"1557","21","17","58","1","B"
"1558","23","17","56","1","A"
"1559","23","17","57","1","A"
"1560","23","17","58","1","A"
"1561","24","17","56","1","B"
"1562","24","17","57","1","C"
"1563","24","17","58","1","B"
"1564","98","17","56","1","B"
"1565","98","17","57","1","B"
"1566","98","17","58","1","B"
"1567","25","17","56","1","B"
"1568","25","17","57","1","B"
"1569","25","17","58","1","A"
"1570","99","17","56","1","C"
"1571","99","17","57","1","C"
"1572","99","17","58","1","B"
"1573","26","17","56","1","C"
"1574","26","17","57","1","C"
"1575","26","17","58","1","B"
"1576","27","18","56","1","B"
"1577","27","18","57","1","B"
"1578","27","18","58","1","B"
"1579","29","18","56","1","B"
"1580","29","18","57","1","B"
"1581","29","18","58","1","B"
"1582","30","18","56","1","B"
"1583","30","18","57","1","B"
"1584","30","18","58","1","B"
"1585","31","18","56","1","B"
"1586","31","18","57","1","B"
"1587","31","18","58","1","B"
"1588","32","18","56","1","B"
"1589","32","18","57","1","C"
"1590","32","18","58","1","B"
"1591","33","18","56","1","A"
"1592","33","18","57","1","A"
"1593","33","18","58","1","A"
"1594","100","18","56","1","B"
"1595","100","18","57","1","B"
"1596","100","18","58","1","C"
"1597","34","18","56","1","A"
"1598","34","18","57","1","A"
"1599","34","18","58","1","A"
"1600","35","18","56","1","A"
"1601","35","18","57","1","B"
"1602","35","18","58","1","A"
"1603","36","18","56","1","B"
"1604","36","18","57","1","A"
"1605","36","18","58","1","A"
"1606","37","18","56","1","B"
"1607","37","18","57","1","B"
"1608","37","18","58","1","A"
"1609","38","18","56","1","A"
"1610","38","18","57","1","A"
"1611","38","18","58","1","A"
"1612","40","19","56","1","B"
"1613","40","19","57","1","B"
"1614","40","19","58","1","C"
"1615","41","19","56","1","B"
"1616","41","19","57","1","B"
"1617","41","19","58","1","B"
"1618","42","19","56","1","B"
"1619","42","19","57","1","A"
"1620","42","19","58","1","A"
"1621","43","19","56","1","A"
"1622","43","19","57","1","B"
"1623","43","19","58","1","B"
"1624","44","19","56","1","B"
"1625","44","19","57","1","B"
"1626","44","19","58","1","A"
"1627","45","19","56","1","B"
"1628","45","19","57","1","A"
"1629","45","19","58","1","A"
"1630","101","19","56","1","B"
"1631","101","19","57","1","B"
"1632","101","19","58","1","A"
"1633","47","19","56","1","A"
"1634","47","19","57","1","A"
"1635","47","19","58","1","A"
"1636","48","19","56","1","B"
"1637","48","19","57","1","B"
"1638","48","19","58","1","B"
"1639","77","20","56","1","C"
"1640","77","20","57","1","C"
"1641","77","20","58","1","B"
"1642","49","20","56","1","B"
"1643","49","20","57","1","B"
"1644","49","20","58","1","A"
"1645","50","20","56","1","B"
"1646","50","20","57","1","A"
"1647","50","20","58","1","A"
"1648","51","20","56","1","B"
"1649","51","20","57","1","B"
"1650","51","20","58","1","A"
"1651","52","20","56","1","B"
"1652","52","20","57","1","C"
"1653","52","20","58","1","B"
"1654","53","20","56","1","B"
"1655","53","20","57","1","A"
"1656","53","20","58","1","A"
"1657","54","20","56","1","B"
"1658","54","20","57","1","C"
"1659","54","20","58","1","B"
"1660","55","20","56","1","A"
"1661","55","20","57","1","A"
"1662","55","20","58","1","A"
"1663","56","20","56","1","C"
"1664","56","20","57","1","C"
"1665","56","20","58","1","B"
"1666","57","20","56","1","B"
"1667","57","20","57","1","B"
"1668","57","20","58","1","B"
"1669","58","20","56","1","B"
"1670","58","20","57","1","A"
"1671","58","20","58","1","A"
"1672","59","20","56","1","A"
"1673","59","20","57","1","A"
"1674","59","20","58","1","B"
"1675","60","20","56","1","C"
"1676","60","20","57","1","C"
"1677","60","20","58","1","B"
"1678","40","34","48","1","B"
"1679","40","34","49","1","C"
"1680","41","34","48","1","B"
"1681","41","34","49","1","B"
"1682","42","34","48","1","A"
"1683","42","34","49","1","B"
"1684","43","34","48","1","A"
"1685","43","34","49","1","B"
"1686","44","34","48","1","A"
"1687","44","34","49","1","B"
"1688","45","34","48","1","A"
"1689","45","34","49","1","B"
"1690","101","34","48","1","B"
"1691","101","34","49","1","B"
"1692","47","34","48","1","A"
"1693","47","34","49","1","B"
"1694","48","34","48","1","B"
"1695","48","34","49","1","B"
"1696","77","35","48","1","C"
"1697","77","35","49","1","C"
"1698","49","35","48","1","A"
"1699","49","35","49","1","B"
"1700","50","35","48","1","A"
"1701","50","35","49","1","B"
"1702","51","35","48","1","A"
"1703","51","35","49","1","B"
"1704","52","35","48","1","B"
"1705","52","35","49","1","C"
"1706","53","35","48","1","A"
"1707","53","35","49","1","A"
"1708","54","35","48","1","B"
"1709","54","35","49","1","C"
"1710","55","35","48","1","A"
"1711","55","35","49","1","A"
"1712","56","35","48","1","B"
"1713","56","35","49","1","C"
"1714","57","35","48","1","B"
"1715","57","35","49","1","B"
"1716","58","35","48","1","B"
"1717","58","35","49","1","B"
"1718","59","35","48","1","A"
"1719","59","35","49","1","B"
"1720","60","35","48","1","B"
"1721","60","35","49","1","C"
"1722","80","36","59","1","B"
"1723","81","36","59","1","B"
"1724","82","36","59","1","B"
"1725","83","36","59","1","A"
"1726","84","36","59","1","A"
"1727","85","36","59","1","A"
"1728","86","36","59","1","A"
"1729","87","36","59","1","B"
"1730","88","36","59","1","B"
"1731","89","36","59","1","A"
"1732","90","36","59","1","A"
"1733","91","36","59","1","B"
"1734","92","36","59","1","A"
"1735","93","36","59","1","B"
"1736","94","36","59","1","A"
"1737","95","36","59","1","B"
"1738","11","37","59","1","B"
"1739","13","37","59","1","A"
"1740","14","37","59","1","B"
"1741","96","37","59","1","A"
"1742","97","37","59","1","B"
"1743","15","37","59","1","A"
"1744","16","37","59","1","A"
"1745","17","37","59","1","B"
"1746","18","37","59","1","A"
"1747","19","37","59","1","A"
"1748","20","37","59","1","A"
"1749","21","37","59","1","B"
"1750","23","37","59","1","A"
"1751","24","37","59","1","B"
"1752","98","37","59","1","A"
"1753","25","37","59","1","A"
"1754","99","37","59","1","B"
"1755","26","37","59","1","B"
"1756","27","38","59","1","B"
"1757","29","38","59","1","B"
"1758","30","38","59","1","B"
"1759","31","38","59","1","A"
"1760","32","38","59","1","A"
"1761","33","38","59","1","B"
"1762","100","38","59","1","B"
"1763","34","38","59","1","A"
"1764","35","38","59","1","B"
"1765","36","38","59","1","A"
"1766","37","38","59","1","B"
"1767","38","38","59","1","B"
"1768","40","39","59","1","B"
"1769","41","39","59","1","B"
"1770","42","39","59","1","A"
"1771","43","39","59","1","A"
"1772","44","39","59","1","A"
"1773","45","39","59","1","B"
"1774","101","39","59","1","B"
"1775","47","39","59","1","A"
"1776","48","39","59","1","B"
"1777","77","40","59","1","C"
"1778","49","40","59","1","A"
"1779","50","40","59","1","A"
"1780","51","40","59","1","A"
"1781","52","40","59","1","B"
"1782","53","40","59","1","A"
"1783","54","40","59","1","B"
"1784","55","40","59","1","A"
"1785","56","40","59","1","B"
"1786","57","40","59","1","B"
"1787","58","40","59","1","B"
"1788","59","40","59","1","A"
"1789","60","40","59","1","B"
"1790","80","41","70","1","B"
"1791","80","41","71","1","B"
"1792","81","41","70","1","B"
"1793","81","41","71","1","B"
"1794","82","41","70","1","B"
"1795","82","41","71","1","B"
"1796","83","41","70","1","B"
"1797","83","41","71","1","B"
"1798","84","41","70","1","A"
"1799","84","41","71","1","B"
"1800","85","41","70","1","A"
"1801","85","41","71","1","B"
"1802","86","41","70","1","A"
"1803","86","41","71","1","B"
"1804","87","41","70","1","B"
"1805","87","41","71","1","B"
"1806","88","41","70","1","B"
"1807","88","41","71","1","B"
"1808","89","41","70","1","A"
"1809","89","41","71","1","A"
"1810","90","41","70","1","B"
"1811","90","41","71","1","B"
"1812","91","41","70","1","B"
"1813","91","41","71","1","B"
"1814","92","41","70","1","B"
"1815","92","41","71","1","B"
"1816","93","41","70","1","B"
"1817","93","41","71","1","B"
"1818","94","41","70","1","A"
"1819","94","41","71","1","A"
"1820","95","41","70","1","B"
"1821","95","41","71","1","B"
"1822","11","42","70","1","A"
"1823","11","42","71","1","B"
"1824","13","42","70","1","A"
"1825","13","42","71","1","A"
"1826","14","42","70","1","B"
"1827","14","42","71","1","B"
"1828","96","42","70","1","B"
"1829","96","42","71","1","B"
"1830","97","42","70","1","A"
"1831","97","42","71","1","B"
"1832","15","42","70","1","B"
"1833","15","42","71","1","B"
"1834","16","42","70","1","A"
"1835","16","42","71","1","A"
"1836","17","42","70","1","C"
"1837","17","42","71","1","C"
"1838","18","42","70","1","A"
"1839","18","42","71","1","B"
"1840","19","42","70","1","A"
"1841","19","42","71","1","B"
"1842","20","42","70","1","A"
"1843","20","42","71","1","A"
"1844","21","42","70","1","B"
"1845","21","42","71","1","B"
"1846","23","42","70","1","A"
"1847","23","42","71","1","B"
"1848","24","42","70","1","B"
"1849","24","42","71","1","B"
"1850","98","42","70","1","A"
"1851","98","42","71","1","B"
"1852","25","42","70","1","A"
"1853","25","42","71","1","B"
"1854","99","42","70","1","B"
"1855","99","42","71","1","B"
"1856","26","42","70","1","B"
"1857","26","42","71","1","B"
"1858","27","43","70","1","B"
"1859","27","43","71","1","B"
"1860","29","43","70","1","A"
"1861","29","43","71","1","B"
"1862","30","43","70","1","B"
"1863","30","43","71","1","B"
"1864","31","43","70","1","B"
"1865","31","43","71","1","B"
"1866","32","43","70","1","B"
"1867","32","43","71","1","B"
"1868","33","43","70","1","A"
"1869","33","43","71","1","B"
"1870","100","43","70","1","B"
"1871","100","43","71","1","B"
"1872","34","43","70","1","B"
"1873","34","43","71","1","B"
"1874","35","43","70","1","B"
"1875","35","43","71","1","B"
"1876","36","43","70","1","B"
"1877","36","43","71","1","B"
"1878","37","43","70","1","B"
"1879","37","43","71","1","B"
"1880","38","43","70","1","A"
"1881","38","43","71","1","B"
"1882","40","44","70","1","B"
"1883","40","44","71","1","C"
"1884","41","44","70","1","B"
"1885","41","44","71","1","B"
"1886","42","44","70","1","B"
"1887","42","44","71","1","B"
"1888","43","44","70","1","A"
"1889","43","44","71","1","B"
"1890","44","44","70","1","A"
"1891","44","44","71","1","B"
"1892","45","44","70","1","A"
"1893","45","44","71","1","B"
"1894","101","44","70","1","B"
"1895","101","44","71","1","B"
"1896","47","44","70","1","A"
"1897","47","44","71","1","A"
"1898","48","44","70","1","B"
"1899","48","44","71","1","B"
"1900","77","45","70","1","B"
"1901","77","45","71","1","C"
"1902","49","45","70","1","A"
"1903","49","45","71","1","B"
"1904","50","45","70","1","A"
"1905","50","45","71","1","A"
"1906","51","45","70","1","A"
"1907","51","45","71","1","B"
"1908","52","45","70","1","B"
"1909","52","45","71","1","B"
"1910","53","45","70","1","A"
"1911","53","45","71","1","A"
"1912","54","45","70","1","B"
"1913","54","45","71","1","B"
"1914","55","45","70","1","A"
"1915","55","45","71","1","A"
"1916","56","45","70","1","A"
"1917","56","45","71","1","B"
"1918","57","45","70","1","B"
"1919","57","45","71","1","B"
"1920","58","45","70","1","A"
"1921","58","45","71","1","B"
"1922","59","45","70","1","A"
"1923","59","45","71","1","B"
"1924","60","45","70","1","A"
"1925","60","45","71","1","B"
"1926","80","46","42","1","B"
"1927","80","46","43","1","B"
"1928","81","46","42","1","B"
"1929","81","46","43","1","B"
"1930","82","46","42","1","B"
"1931","82","46","43","1","B"
"1932","83","46","42","1","B"
"1933","83","46","43","1","B"
"1934","84","46","42","1","A"
"1935","84","46","43","1","B"
"1936","85","46","42","1","A"
"1937","85","46","43","1","A"
"1938","86","46","42","1","A"
"1939","86","46","43","1","A"
"1940","87","46","42","1","A"
"1941","87","46","43","1","B"
"1942","88","46","42","1","B"
"1943","88","46","43","1","B"
"1944","89","46","42","1","A"
"1945","89","46","43","1","A"
"1946","90","46","42","1","B"
"1947","90","46","43","1","A"
"1948","91","46","42","1","B"
"1949","91","46","43","1","B"
"1950","92","46","42","1","B"
"1951","92","46","43","1","B"
"1952","93","46","42","1","A"
"1953","93","46","43","1","B"
"1954","94","46","42","1","A"
"1955","94","46","43","1","A"
"1956","95","46","42","1","B"
"1957","95","46","43","1","B"
"1958","11","47","42","1","A"
"1959","11","47","43","1","A"
"1960","13","47","42","1","A"
"1961","13","47","43","1","A"
"1962","14","47","42","1","B"
"1963","14","47","43","1","B"
"1964","96","47","42","1","B"
"1965","96","47","43","1","B"
"1966","97","47","42","1","A"
"1967","97","47","43","1","B"
"1968","15","47","42","1","B"
"1969","15","47","43","1","B"
"1970","16","47","42","1","A"
"1971","16","47","43","1","A"
"1972","17","47","42","1","C"
"1973","17","47","43","1","B"
"1974","18","47","42","1","A"
"1975","18","47","43","1","B"
"1976","19","47","42","1","A"
"1977","19","47","43","1","B"
"1978","20","47","42","1","A"
"1979","20","47","43","1","B"
"1980","21","47","42","1","B"
"1981","21","47","43","1","B"
"1982","23","47","42","1","A"
"1983","23","47","43","1","B"
"1984","24","47","42","1","B"
"1985","24","47","43","1","B"
"1986","98","47","42","1","A"
"1987","98","47","43","1","B"
"1988","25","47","42","1","A"
"1989","25","47","43","1","A"
"1990","99","47","42","1","B"
"1991","99","47","43","1","C"
"1992","26","47","42","1","B"
"1993","26","47","43","1","C"
"1994","27","48","42","1","B"
"1995","27","48","43","1","B"
"1996","29","48","42","1","A"
"1997","29","48","43","1","B"
"1998","30","48","42","1","B"
"1999","30","48","43","1","B"
"2000","31","48","42","1","B"
"2001","31","48","43","1","B"
"2002","32","48","42","1","B"
"2003","32","48","43","1","B"
"2004","33","48","42","1","A"
"2005","33","48","43","1","B"
"2006","100","48","42","1","B"
"2007","100","48","43","1","B"
"2008","34","48","42","1","B"
"2009","34","48","43","1","B"
"2010","35","48","42","1","B"
"2011","35","48","43","1","B"
"2012","36","48","42","1","B"
"2013","36","48","43","1","B"
"2014","37","48","42","1","B"
"2015","37","48","43","1","B"
"2016","38","48","42","1","A"
"2017","38","48","43","1","B"
"2018","40","49","42","1","B"
"2019","40","49","43","1","C"
"2020","41","49","42","1","B"
"2021","41","49","43","1","B"
"2022","42","49","42","1","B"
"2023","42","49","43","1","B"
"2024","43","49","42","1","A"
"2025","43","49","43","1","B"
"2026","44","49","42","1","A"
"2027","44","49","43","1","B"
"2028","45","49","42","1","A"
"2029","45","49","43","1","B"
"2030","101","49","42","1","B"
"2031","101","49","43","1","B"
"2032","47","49","42","1","B"
"2033","47","49","43","1","A"
"2034","48","49","42","1","B"
"2035","48","49","43","1","B"
"2036","77","50","42","1","B"
"2037","77","50","43","1","B"
"2038","49","50","42","1","A"
"2039","49","50","43","1","A"
"2040","50","50","42","1","A"
"2041","50","50","43","1","A"
"2042","51","50","42","1","A"
"2043","51","50","43","1","B"
"2044","52","50","42","1","B"
"2045","52","50","43","1","B"
"2046","53","50","42","1","A"
"2047","53","50","43","1","A"
"2048","54","50","42","1","B"
"2049","54","50","43","1","B"
"2050","55","50","42","1","A"
"2051","55","50","43","1","A"
"2052","56","50","42","1","A"
"2053","56","50","43","1","B"
"2054","57","50","42","1","B"
"2055","57","50","43","1","B"
"2056","58","50","42","1","A"
"2057","58","50","43","1","B"
"2058","59","50","42","1","A"
"2059","59","50","43","1","A"
"2060","60","50","42","1","A"
"2061","60","50","43","1","B"
"2098","27","63","65","1","B"
"2099","27","63","66","1","B"
"2100","28","63","65","1","B"
"2101","28","63","66","1","B"
"2102","29","63","65","1","B"
"2103","29","63","66","1","B"
"2104","30","63","65","1","B"
"2105","30","63","66","1","B"
"2106","31","63","65","1","B"
"2107","31","63","66","1","B"
"2108","32","63","65","1","B"
"2109","32","63","66","1","B"
"2110","33","63","65","1","B"
"2111","33","63","66","1","A"
"2112","100","63","65","1","B"
"2113","100","63","66","1","B"
"2114","34","63","65","1","A"
"2115","34","63","66","1","A"
"2116","35","63","65","1","A"
"2117","35","63","66","1","A"
"2118","36","63","65","1","B"
"2119","36","63","66","1","B"
"2120","37","63","65","1","B"
"2121","37","63","66","1","A"
"2122","38","63","65","1","A"
"2123","38","63","66","1","A"
"2124","40","64","65","1","B"
"2125","40","64","66","1","B"
"2126","41","64","65","1","B"
"2127","41","64","66","1","B"
"2128","42","64","65","1","A"
"2129","42","64","66","1","B"
"2130","43","64","65","1","A"
"2131","43","64","66","1","B"
"2132","44","64","65","1","A"
"2133","44","64","66","1","B"
"2134","45","64","65","1","A"
"2135","45","64","66","1","B"
"2136","101","64","65","1","A"
"2137","101","64","66","1","B"
"2138","47","64","65","1","A"
"2139","47","64","66","1","A"
"2140","48","64","65","1","B"
"2141","48","64","66","1","B"
"2142","77","65","65","1","B"
"2143","77","65","66","1","B"
"2144","49","65","65","1","A"
"2145","49","65","66","1","A"
"2146","50","65","65","1","A"
"2147","50","65","66","1","A"
"2148","51","65","65","1","A"
"2149","51","65","66","1","A"
"2150","52","65","65","1","A"
"2151","52","65","66","1","A"
"2152","53","65","65","1","A"
"2153","53","65","66","1","A"
"2154","54","65","65","1","A"
"2155","54","65","66","1","A"
"2156","55","65","65","1","A"
"2157","55","65","66","1","A"
"2158","56","65","65","1","B"
"2159","56","65","66","1","A"
"2160","57","65","65","1","B"
"2161","57","65","66","1","A"
"2162","58","65","65","1","A"
"2163","58","65","66","1","A"
"2164","59","65","65","1","A"
"2165","59","65","66","1","A"
"2166","60","65","65","1","B"
"2167","60","65","66","1","A"
"2168","11","66","65","1","A"
"2169","11","66","66","1","A"
"2170","13","66","65","1","A"
"2171","13","66","66","1","A"
"2172","14","66","65","1","B"
"2173","14","66","66","1","B"
"2174","96","66","65","1","A"
"2175","96","66","66","1","A"
"2176","97","66","65","1","A"
"2177","97","66","66","1","A"
"2178","15","66","65","1","B"
"2179","15","66","66","1","B"
"2180","16","66","65","1","A"
"2181","16","66","66","1","A"
"2182","17","66","65","1","B"
"2183","17","66","66","1","B"
"2184","18","66","65","1","A"
"2185","18","66","66","1","A"
"2186","19","66","65","1","A"
"2187","19","66","66","1","A"
"2188","20","66","65","1","A"
"2189","20","66","66","1","A"
"2190","21","66","65","1","B"
"2191","21","66","66","1","B"
"2192","23","66","65","1","A"
"2193","23","66","66","1","A"
"2194","24","66","65","1","B"
"2195","24","66","66","1","B"
"2196","98","66","65","1","B"
"2197","98","66","66","1","A"
"2198","25","66","65","1","A"
"2199","25","66","66","1","A"
"2200","99","66","65","1","B"
"2201","99","66","66","1","B"
"2202","26","66","65","1","B"
"2203","26","66","66","1","B"
